{
  "pos_weights": [
    0.011621,
    0.038216,
    0.071345,
    0.06815,
    0.065452,
    0.044407,
    0.057629,
    0.05026,
    0.052542,
    0.057909,
    0.082678,
    0.070861,
    0.090284,
    0.106557,
    0.12,
    0.107598,
    0.112263,
    0.091756,
    0.104692,
    0.096424
  ],
  "sub_weights": {
    "A>G": 0.6344219105,
    "A>C": 0.3909309155,
    "A>A": 0.50289905,
    "C>T": 0.329266143,
    "C>C": 0.637964392,
    "C>A": 0.350494456,
    "G>T": 0.116798778,
    "G>G": 0.5150917209999999,
    "G>A": 0.511449176,
    "T>T": 0.286919056,
    "T>G": 0.35136204649999997,
    "T>C": 0.5495979525
  }
}